reviewer_id,reviewer_name,country
1007746212,Eliane F,Tunisia
1007718087,mohand_outahar@yahoo.fr,Tunisia
1007716630,Royal W,Tunisia
1007716601,Espace Jeune M,Tunisia
1007716431,ben abda n,Tunisia
999812067,Titi,Tunisia
995421868,Barbara B,Tunisia
995133419,ben abda o,Tunisia
994942161,Ami M,Tunisia
994935012,Rafik U,Tunisia
994800856,Navigate777083,Tunisia
994747942,Rani C,Tunisia
994690058,Maike K,Tunisia
994685475,Jo,Tunisia
994685007,Laura P,Tunisia
994683559,Nadira B,Tunisia
994551015,metahri y,Tunisia
994550051,Än Î,Tunisia
987093327,imed t,Tunisia
969342422,Danilo V,Tunisia
968950659,Lassoued Abdel,Tunisia
957068460,Francois B,Tunisia
946587938,Zbaida G,Tunisia
930057693,SANDRA,Tunisia
907621421,Mike Heywood,Tunisia
900942881,Nadia S,Tunisia
870876030,Pierre-Luc,Tunisia
870835433,Cathe H,Tunisia
870772492,k st-gelais,Tunisia
870757035,stephane b,Tunisia
870753656,Francois C,Tunisia
870753575,Nicolas B,Tunisia
870748865,Isabelle L,Tunisia
867793791,mauriziosciuto,Tunisia
867321283,Oubeid,Tunisia
865384462,lydialdg1974,Tunisia
855052240,Laetitia B,Tunisia
849087104,Bayrem g,Tunisia
847647607,Ahmed D,Tunisia
822558646,Jaweher M,Tunisia
784504795,talhahusseini,Tunisia
765521794,MaevaMantio,Tunisia
747878301,csassi26,Tunisia
742926209,Omarbenmansour,Tunisia
741158145,gr r,Tunisia
741016026,Momomimo,Tunisia
732763407,Roberto C,Tunisia
717718917,kadourammar,Tunisia
703485703,Sara,Tunisia
702171356,DILM,Tunisia
690638446,SOBIZ,Tunisia
690550704,mohamed a,Tunisia
690275114,Nesrine M,Tunisia
686948882,753nassima,Tunisia
676170268,lmp832017,Tunisia
666885748,LailaShento,Tunisia
661812986,StarAdvisor,Tunisia
650930470,Michel B,Tunisia
630039921,bieffe73,Tunisia
601029362,Yasmine,Tunisia
599223375,psybonchu,Tunisia
596138454,latifafar83,Tunisia
592901589,Michael G,Tunisia
566507907,SKy_Trail_Runner,Tunisia
546939138,Fida N,Tunisia
545898985,Rastallaro,Tunisia
543613904,talhahusseini,Tunisia
519601746,Frelon 45,Tunisia
514896097,p g,Tunisia
513084303,MeCosmogirl,Tunisia
506525418,Hassan M,Tunisia
505532446,Parafun,Tunisia
501391458,IncredibleArnaud,Tunisia
498946180,malikabenr60,Tunisia
479397457,georgesboulos,Tunisia
479144362,GV58,Tunisia
477468853,Stéphane E,Tunisia
476896873,Trabajador Viajero,Tunisia
466475233,Saint_ethique,Tunisia
443588847,domtrotteur,Tunisia
434661601,Farid L,Tunisia
430540901,Guillaume J,Tunisia
429052397,Hermann K,Tunisia
414716151,chengel,Tunisia
407851250,Mohammad G,Tunisia
407181765,Stephanie A,Tunisia
405424740,linkess,Tunisia
388783523,Duanra G,Tunisia
375381946,Aziz T,Tunisia
370610733,PierreVischioni,Tunisia
369457746,Habib B,Tunisia
309520460,5 gattini,Tunisia
306586530,SamLePirate2,Tunisia
303006725,Helmi J,Tunisia
302368078,Gianni S,Tunisia
300292847,tinaenvoyage,Tunisia
295630699,skunky19,Tunisia
292763229,wabouitf,Tunisia
278251500,patomario,Tunisia
272600197,JeanYves1962,Tunisia
260317134,Beddeys,Tunisia
259370776,Roberto G,Tunisia
254283495,Eric M,Tunisia
246992720,madkorry,Tunisia
236231002,Mr_Pascar,Tunisia
232177535,PH B,Tunisia
227169987,Gaetanalix,Tunisia
216023633,YosriBiz,Tunisia
215999085,rainaldi_fabrizio,Tunisia
214541392,Chabakouni,Tunisia
214478286,Titoubet,Tunisia
212266898,Olivier G,Tunisia
204257194,albertocasta,Tunisia
199677033,Giovanni Iovino,Tunisia
195743454,Amédée Santalo,Tunisia
189381972,gerdsan,Tunisia
189361602,Giuseppe D,Tunisia
188444507,Luca E,Tunisia
186936043,PaoloRiccardoCarrara,Tunisia
172882448,valerie m,Tunisia
169347021,torkilc,Tunisia
148796896,mko_fr,Tunisia
144767511,marti370,Tunisia
143792753,spiritedbolderwomen,Tunisia
140389608,sparehead3,Tunisia
139345051,aperegina61,Tunisia
137754223,Roberta S,Tunisia
136373743,cocokais,Tunisia
134837782,Hajer M,Tunisia
133427812,essaouira68,Tunisia
127226482,Laura m,Tunisia
127178080,samia s,Tunisia
121013430,CraigD81,Tunisia
120924518,cheraz r,Tunisia
120688008,Villiers86,Tunisia
104536877,Alexandre_M,Tunisia
92271636,fenena,Tunisia
72278267,JumperBasel,Tunisia
59149459,Caro3034,Tunisia
53166327,Me_gusta_viajar_mar,Tunisia
39907396,silenoz75,Tunisia
38338505,gianni46g,Tunisia
12246895,Nottinghamboy,Tunisia
e54ef461a90fbee1,Inge,Poland
a02e6dfb99d74e07,Salvatore,Italy
38ab7985dab1ea6d,Baligh,France
fbb2759d090e4011,Katharina,Germany
9dad8c86b70df16e,Majdi,Libya
9c0e414d016f3636,Marc,Germany
96e1aa48e5f14bea,Pecheux,France
652f8e590329f44f,Lisa,France
1a2e8570505dc752,Husam,Israel
d6d742cddd7e8c65,Rui,United Kingdom
cb145a7f6a1f3355,Jasmin,Germany
3d62ad6fdce11312,Administrator,France
7157f7637121e45a,Lisa,Australia
42ad69a865ef539a,Mélina,France
fc6a20d40643780f,Samir,France
701c6950d9eee4fd,Gaetano,Italy
94204aa2b59a6c3f,Sylviane,France
0c53224e46f87cf1,Gertrud,Germany
0797e428fd359042,Mohamad,Lebanon
55600a8aa898d8a2,Mohamed,France
4621f06ced764797,Mohamed,Morocco
95583e80af15c5b8,Raouda,France
b0f6dc93830f987d,Kouais,Tunisia
cecf44b4c73569c2,Abdelhak,France
4ddc4534060b69d1,Siwar,Tunisia
4cecd88a53ed0c8c,El,France
683911727c17c499,Michael,Canada
908abf8b99439c6b,Emilio,Italy
43495167eb1c9e04,Achour,Algeria
6598c706d31422d8,Bilel,France
b529a35504fc3fec,Kamel,France
83758b3204f64623,Bochra,France
021ccccffb1b9675,Yasmine,France
73e20e755dfcc947,Datebayo,Belgium
64730130ce6c0bef,Benabdallah,France
1e725c91a13b8646,Nabil,Tunisia
dc28a87a2484a581,Oualid,France
ac995e8e0cd5ba27,Hanane,France
d4aef30c1c767437,Ayadi,Tunisia
df35c575983574f6,Mihaela,Romania
4c0248fa596c9218,Pascale,France
66cbab946e73463e,Lisa,Germany
00d786c8681f4d21,Mourad,France
75df7e83fbad6bb1,Faouzia,Canada
3bdcc2a86db77b7c,Vito,Italy
ad030723f783ed3f,Khalil,Canada
bd9802a1aaa47889,Abdesselem,France
ded82fd3389856d3,Kamel,France
282f9e98d726da78,Ophélie,France
f23a19e0c15186b2,Souhir,France
43a870e545ac19dd,Imed,France
f41b3ca69be8dce4,Amer,Saudi Arabia
6ee489f8e2af3e4c,Chiraz,United States
d740bff81e58c96b,Mostafa,Egypt
177c61307f0c311d,Benbaha,France
cd3a228761f98bce,Stef,Tunisia
07fd3fc964e2551a,Valeria,Italy
9733bb9408a5525e,Thierry,France
24704839f6bfb3a1,Denis,France
210227883bd9d788,Rismawati,Indonesia
685f607fe9fa4ae7,Ryad,Libya
1f39b332f1460ecd,Rodrigo,Portugal
6d12740a001dea89,Elyes,France
ee4f65cf9d88c803,Martine,France
405fd081c247d883,Sihem,France
5b23801d0c64810d,Roberto,Italy
e11a82061e14305f,Borjaeugui,Spain
aa7b8a2409b3e516,Ibrahim,Saudi Arabia
6873c75355070be5,Giorgia,Italy
abcb57fb8fe82309,Anton,Slovakia
2d1b9529fd26e4de,Didier,France
9d942d57e3bda098,Ilaria,Italy
e93f27e0e92f1b52,Johanna,Germany
f3d6ba157b7ef696,Rekaya,Germany
3f06222b651accd6,Kevin,United Kingdom
327aa20a07ffc1a9,Mohamed,Saudi Arabia
7f355a33a9bc4343,Daniël,Netherlands
11195be57acbeed4,Elizabeth,United Kingdom
4f7e564a0335d270,Chris,Norway
a7d13c8d7a4e9037,Joe,United Kingdom
408f06b994c3835a,Reece,Ireland
72d05f912f227146,Jack,United Kingdom
f7181b2417c04400,Jonathan,United Kingdom
b46407e831bcf3dd,Bastien,Spain
29a93bcb5d707b63,Apostolos,Greece
0cf7d12add35031c,Kamel,France
3b993b66ca832cbc,Mohamed,Tunisia
76645ebc53faf173,Mohamed,Italy
30e3e8c47ee0b942,Laure,Tunisia
5a10b87073a7415b,Néji,France
ad1191027c913d88,Haupua,Tunisia
23361b4499e93619,Mohamed,United Kingdom
a5fe17dd0a6652f6,Christophe,France
8fdb13c5ef8eba86,Léna,France
1d7cfd6853769ecc,Boul_romille,France
acc58f71be66cfe4,Moutia,Unknown
753e35dd4bdb446a,Essam,Egypt
54f27cb9000f6bcf,Samia,France
d17c9caf928389e8,Moez,Tunisia
b1a51e8ba5f81791,Nesrine,France
031cc6d209911659,Oussama,Tunisia
b318ec0c8b0c94dc,Bilel,Tunisia
b048de7ad64af5e2,Unknown,Tunisia
01b80baf94bd888d,Saifeddine,France
5d5f8b652b11696c,Salem,Ukraine
Ci9DQUlRQUNvZENodHljRjlvT2pSRFkxbGhWSGRhYkZZemFHdE9TRWt5YTBsSE4yYxAB,Boujabli Nejmedine,TN
Ci9DQUlRQUNvZENodHljRjlvT214WmJFWk9hMFJpTVhodk5sVXRNbEJ1YlZCMlJGRRAB,mariam mansour,TN
Ci9DQUlRQUNvZENodHljRjlvT2xsVE1sOWZTblpYYm1OdmJtTm1la3MzY1VaMGNYYxAB,Amine Slim,TN
Ci9DQUlRQUNvZENodHljRjlvT21aeWFHZFRWWFJsVFVZM1RITjJZV2RoZW1GM1JsRRAB,CC A,TN
Ci9DQUlRQUNvZENodHljRjlvT25WNVFtRTNXVVozVDNOclIyZFhiVmx2TXpoQ2JVRRAB,sana souid,TN
ChdDSUhNMG9nS0VJQ0FnTURJdlBTLTVnRRAB,Houssem Hz,TN
ChdDSUhNMG9nS0VJQ0FnTURJeUptUnh3RRAB,Marc Janocha,TN
ChdDSUhNMG9nS0VJQ0FnTURJNElIbjlBRRAB,dooper dooper,TN
ChZDSUhNMG9nS0VJQ0FnTUNJXzg2SFlREAE,Wajdi Mzoughi,TN
ChZDSUhNMG9nS0VJQ0FnTUNJa0tXNVh3EAE,MCHIRGUI AHMED,TN
ChZDSUhNMG9nS0VJQ0FnTUNRbEkzd2RBEAE,Faouzi JEBALI,TN
ChdDSUhNMG9nS0VJQ0FnTURneThIM3RBRRAB,ben abda nada,TN
ChZDSUhNMG9nS0VJQ0FnTUNnZzhlaWFnEAE,Elisa Meynier,TN
ChdDSUhNMG9nS0VJQ0FnTUNnOFlQNGxnRRAB,Сяргей Шынкевіч,TN
ChZDSUhNMG9nS0VJQ0FnSURfcnF2SmZREAE,Chehir Elmi,TN
ChZDSUhNMG9nS0VJQ0FnTUNBNk9mZ1NREAE,Nasser HARFOUSH,TN
ChZDSUhNMG9nS0VJQ0FnSURfcUkySkRBEAE,G A,TN
ChZDSUhNMG9nS0VJQ0FnSURfLXRTSFZREAE,Fabrizio Dolcicori,TN
ChZDSUhNMG9nS0VJQ0FnSURfaFBEUkVnEAE,almajd alimr,TN
ChZDSUhNMG9nS0VJQ0FnSUNfN2ZfcERnEAE,Discart Vondi,TN
ChZDSUhNMG9nS0VJQ0FnSURmMy1yUFJBEAE,karchoud Ahmed,TN
ChdDSUhNMG9nS0VJQ0FnSUNmMWJQODV3RRAB,imed tanfous,TN
ChZDSUhNMG9nS0VJQ0FnSUN2dlAyN0ZBEAE,Sellani Abd elkarim (Notaire),TN
ChdDSUhNMG9nS0VJQ0FnSUN2NkttUl9BRRAB,Aaron Cutajar,TN
ChZDSUhNMG9nS0VJQ0FnSURQMFlLaGJBEAE,Walid Bouhalfa,TN
ChdDSUhNMG9nS0VJQ0FnSUNQcHJucV9RRRAB,belhassen channouf,TN
ChZDSUhNMG9nS0VJQ0FnSUMzdzQ3QldnEAE,Mehdi Mazhoud,TN
ChdDSUhNMG9nS0VJQ0FnSUMzbG8zUTR3RRAB,Sam0uraiii,TN
ChZDSUhNMG9nS0VJQ0FnSUMzdU1qZU5REAE,Ghzaiel Wael,TN
ChZDSUhNMG9nS0VJQ0FnSUNYX1l5M0NREAE,Wahib Meradji,TN
ChdDSUhNMG9nS0VJQ0FnSURuckpDZGd3RRAB,Riyad Yabzeg,TN
ChZDSUhNMG9nS0VJQ0FnSUNuaXZmQWZnEAE,Jean-Pierre Arnaud,TN
ChZDSUhNMG9nS0VJQ0FnSUNIazR6QVRnEAE,Siwar Chtioui,TN
ChdDSUhNMG9nS0VJQ0FnSUNIazlEdXBRRRAB,Abdel Lassoued,TN
ChdDSUhNMG9nS0VJQ0FnSUNIN3RYaHRBRRAB,Senda Yahia,TN
ChdDSUhNMG9nS0VJQ0FnSUQ3Nm9TMmpnRRAB,samir rezzag,TN
ChZDSUhNMG9nS0VJQ0FnSUQ3c016eU9nEAE,SAMIR BOLTANE,TN
ChdDSUhNMG9nS0VJQ0FnSUM3eXRld2pBRRAB,hela T,TN
ChdDSUhNMG9nS0VJQ0FnSURibnJTRzF3RRAB,M K,TN
ChdDSUhNMG9nS0VJQ0FnSURiOE0tQWtBRRAB,Sonia Gara,TN
ChZDSUhNMG9nS0VJQ0FnSUNiNDVPTmNREAE,Hédi chébbi,TN
ChZDSUhNMG9nS0VJQ0FnSUNiOGV5T1RnEAE,Obida T,TN
ChZDSUhNMG9nS0VJQ0FnSUNiNXZ2cVJ3EAE,Ah Mo,TN
ChZDSUhNMG9nS0VJQ0FnSUNiNktuVUh3EAE,Abir Jmii,TN
ChdDSUhNMG9nS0VJQ0FnSUNia0xLYWpnRRAB,Cherif Hamza,TN
ChdDSUhNMG9nS0VJQ0FnSURybnFPeDFBRRAB,C M,TN
ChdDSUhNMG9nS0VJQ0FnSURyNk5uZXpRRRAB,nsangou amidou (ANN),TN
ChZDSUhNMG9nS0VJQ0FnSUNyNzZQUElnEAE,Pix Pons,TN
ChZDSUhNMG9nS0VJQ0FnSUNyZzZlWFBREAE,Laura Ponce,TN
ChdDSUhNMG9nS0VJQ0FnSUNneVpxaF9nRRAB,fabrizio rainaldi,TN
ChZDSUhNMG9nS0VJQ0FnSURMcmJqOGJBEAE,Sukanya Staxing,TN
ChdDSUhNMG9nS0VJQ0FnSUNyMFB6YnRBRRAB,Néji Trabelsi,TN
ChdDSUhNMG9nS0VJQ0FnSURMajQ3NDZnRRAB,MUBARAK ALHAGBANI,TN
ChdDSUhNMG9nS0VJQ0FnSURMcHBxcl93RRAB,FRANGLE PLAYZ,TN
ChZDSUhNMG9nS0VJQ0FnSURMeklMLUt3EAE,Racha Faracha,TN
ChdDSUhNMG9nS0VJQ0FnSURMOUt1dnh3RRAB,Elamin Ehtiwash,TN
ChZDSUhNMG9nS0VJQ0FnSURMdEpYRFZ3EAE,haykiru 75,TN
ChZDSUhNMG9nS0VJQ0FnSUR6NnJPd1hnEAE,Hellboy,TN
ChdDSUhNMG9nS0VJQ0FnSUNUNXFQdHZRRRAB,Christophe,TN
ChZDSUhNMG9nS0VJQ0FnSURqeUtEMVZ3EAE,Paweł Domzalski,TN
ChdDSUhNMG9nS0VJQ0FnSURncDRqOWtnRRAB,kharbech idriss,TN
ChdDSUhNMG9nS0VJQ0FnSURENVphbzNnRRAB,Edward Dubois,TN
ChdDSUhNMG9nS0VJQ0FnSURENG91bjdnRRAB,Lokesh Sinha,TN
ChZDSUhNMG9nS0VJQ0FnSUREcEpyUkpBEAE,B McKenzie,TN
ChZDSUhNMG9nS0VJQ0FnSUNEN1lYdUV3EAE,Meriem Miaoui- jerbi,TN
ChZDSUhNMG9nS0VJQ0FnSUNEN2ZIaGZnEAE,m 1000,TN
ChZDSUhNMG9nS0VJQ0FnSUNEeE5qM0pBEAE,Béchir khiari,TN
ChZDSUhNMG9nS0VJQ0FnSUQ5bGFxTkZBEAE,LOURDES ELÍAS SÁENZ,TN
ChZDSUhNMG9nS0VJQ0FnSUNkODdHS09BEAE,Le consul Tunisie Hk consulting suarl,TN
ChdDSUhNMG9nS0VJQ0FnSUNkb01QVG93RRAB,T. Hofmann,TN
ChZDSUhNMG9nS0VJQ0FnSURnMU8yc2Z3EAE,nizar zrafi,TN
ChZDSUhNMG9nS0VJQ0FnSUROem9HX0FREAE,Mohamed Rebai,TN
ChZDSUhNMG9nS0VJQ0FnSUNObGNUOUtnEAE,jorge jacinto,TN
ChZDSUhNMG9nS0VJQ0FnSUQxNXEzNk5REAE,Mohamed Dridi,TN
ChdDSUhNMG9nS0VJQ0FnSUNWajViWTlnRRAB,mohamed bellakhal,TN
ChdDSUhNMG9nS0VJQ0FnSUM1N2Q3OW5BRRAB,Safia Ben El Haj,TN
ChZDSUhNMG9nS0VJQ0FnSUM1enVLcFFREAE,bougmiha Arij,TN
ChdDSUhNMG9nS0VJQ0FnSURaNnJDNzZRRRAB,Boudiaf Mehdi,TN
ChdDSUhNMG9nS0VJQ0FnSUNabzl1dzVRRRAB,Adrian Vacariu,TN
ChZDSUhNMG9nS0VJQ0FnSUNaemNhQlBREAE,Sioud Mouez,TN
ChdDSUhNMG9nS0VJQ0FnSUNabG9lajVnRRAB,Anonyme,TN
ChdDSUhNMG9nS0VJQ0FnSUNab05UaHdnRRAB,ELYESS Aloui,TN
ChdDSUhNMG9nS0VJQ0FnSURwODR5cm5nRRAB,julie boyer,TN
ChdDSUhNMG9nS0VJQ0FnSURwaE9mZHh3RRAB,jonathan k,TN
ChdDSUhNMG9nS0VJQ0FnSURwa08zWTVnRRAB,Thabet Ghaydâa,TN
ChdDSUhNMG9nS0VJQ0FnSUNwcjlxdm93RRAB,Divers Multiples,TN
ChZDSUhNMG9nS0VJQ0FnSUNwenFUaVJ3EAE,Ezdehar Alaqely,TN
ChZDSUhNMG9nS0VJQ0FnSUNwbmFDbFRnEAE,Sophia Iklef,TN
ChZDSUhNMG9nS0VJQ0FnSUNwanEzeUNBEAE,Wassim Jendoubi,TN
ChdDSUhNMG9nS0VJQ0FnSUNwcHJ6X2tBRRAB,bechir naouali,TN
ChdDSUhNMG9nS0VJQ0FnSUNwakpDYXh3RRAB,Mathieu Gigout,TN
ChdDSUhNMG9nS0VJQ0FnSUNwOVBlWXJRRRAB,elmataoui mohamed,TN
ChdDSUhNMG9nS0VJQ0FnSUNwbE1EczBnRRAB,adrian anghel,TN
ChZDSUhNMG9nS0VJQ0FnSUNwcUxMVFV3EAE,Nidhal Toumi,TN
ChZDSUhNMG9nS0VJQ0FnSUNwd0l2U1JBEAE,laurent lancerica,TN
ChdDSUhNMG9nS0VJQ0FnSURKNTVER3FRRRAB,juhainah jababili,TN
ChdDSUhNMG9nS0VJQ0FnSURKdWIzTXZ3RRAB,maalaoui anouar,TN
ChdDSUhNMG9nS0VJQ0FnSURKenRLQWtnRRAB,Hajni Kőhegyi,TN
ChdDSUhNMG9nS0VJQ0FnSURKNXQycm9BRRAB,N H,TN
ChZDSUhNMG9nS0VJQ0FnSUNKNTZfSFlnEAE,Rafik Kossentini,TN
ChZDSUhNMG9nS0VJQ0FnSUNKdzlYUlNREAE,firas njah,TN
ChZDSUhNMG9nS0VJQ0FnSUNKaWVmMlV3EAE,Emna Lahbib,TN
ChZDSUhNMG9nS0VJQ0FnSUR4b2ZtZlBREAE,Aaron,TN
ChdDSUhNMG9nS0VJQ0FnSUR4dG9yTWpRRRAB,Lamia Temimi,TN
ChZDSUhNMG9nS0VJQ0FnSURRblkzVEVBEAE,Caroline Devos,TN
ChdDSUhNMG9nS0VJQ0FnSUR4OU4yZ29BRRAB,Jose Gomez,TN
ChZDSUhNMG9nS0VJQ0FnSUN4bDhQNVpnEAE,Atelier de confection horia couture,TN
ChZDSUhNMG9nS0VJQ0FnSUN4bV92bllnEAE,Felhi Hejer,TN
ChZDSUhNMG9nS0VJQ0FnSUN4bHUyQ0xREAE,n,TN
ChZDSUhNMG9nS0VJQ0FnSURSci1tcGVBEAE,Nabil Sfar,TN
ChdDSUhNMG9nS0VJQ0FnSURSMThLTzRBRRAB,Ayoub ID M'BARK,TN
ChZDSUhNMG9nS0VJQ0FnSURSaWFtYllnEAE,Mondher Tebourbi,TN
ChdDSUhNMG9nS0VJQ0FnSUNSa1oyajR3RRAB,Asier Escalero,TN
ChZDSUhNMG9nS0VJQ0FnSURodzRUVU9nEAE,ben younse amani,TN
ChZDSUhNMG9nS0VJQ0FnSURoMWQyc0tBEAE,Luis Alcazar,TN
ChdDSUhNMG9nS0VJQ0FnSUNoMnVlOXVBRRAB,Nabil HASSAN,TN
ChZDSUhNMG9nS0VJQ0FnSUNCeGZXUEVBEAE,Marjolaine Mechergui,TN
ChZDSUhNMG9nS0VJQ0FnSUQtLThUYWZ3EAE,THETATOOINI (THETATOOINI),TN
ChZDSUhNMG9nS0VJQ0FnSUMtMUppVkF3EAE,Oueslati Montassar,TN
ChZDSUhNMG9nS0VJQ0FnSUMtbE5TRVVBEAE,Roberto Glauda,TN
ChdDSUhNMG9nS0VJQ0FnSURlcjRLTDdRRRAB,Youssef Ezbakh,TN
ChdDSUhNMG9nS0VJQ0FnSURlOTc2M2hBRRAB,Bdira Mejdi,TN
ChZDSUhNMG9nS0VJQ0FnSURlNS1HekV3EAE,cherif Ben abdelkader,TN
ChZDSUhNMG9nS0VJQ0FnSURlNS15dGZBEAE,Lydia Dg,TN
ChZDSUhNMG9nS0VJQ0FnSURlcHZ2cFFBEAE,Céline et Guillaume Biteau,TN
ChZDSUhNMG9nS0VJQ0FnSUNlcmRhdFZnEAE,Nes Qua,TN
ChZDSUhNMG9nS0VJQ0FnSUNlNllHdkJREAE,Radia L,TN
ChZDSUhNMG9nS0VJQ0FnSUNlMnRxZlN3EAE,Sahbi MILED,TN
ChZDSUhNMG9nS0VJQ0FnSUR1cjVfZVZREAE,Anis Chermiti,TN
ChZDSUhNMG9nS0VJQ0FnSUR1ci1EUGNnEAE,Frank Feber,TN
ChdDSUhNMG9nS0VJQ0FnSUR1N2RYbGlBRRAB,imen bouz,TN
ChdDSUhNMG9nS0VJQ0FnSUR1bHVTTW5BRRAB,Abdelmouneam GHORISSI,TN
ChdDSUhNMG9nS0VJQ0FnSUR1cG9DandnRRAB,adnen elamraoui,TN
ChdDSUhNMG9nS0VJQ0FnSUR1eXFDOHZnRRAB,Dr. Omar Gubran,TN
ChdDSUhNMG9nS0VJQ0FnSUR1MEp2cjh3RRAB,Sami Ben Arfa (Ben_Arfa),TN
ChdDSUhNMG9nS0VJQ0FnSUN1Xzd1RnVnRRAB,Data X Foot,TN
ChdDSUhNMG9nS0VJQ0FnSUN1NjdqRmlRRRAB,Y S,TN
ChZDSUhNMG9nS0VJQ0FnSUN1N1pXWUNnEAE,Chamoune briquet,TN
ChdDSUhNMG9nS0VJQ0FnSUN1clktazZ3RRAB,Sofien Menzli,TN
ChRDSUhNMG9nS0VJQ0FnSUN1amZZRxAB,Mechergui Abdelaziz,TN
ChdDSUhNMG9nS0VJQ0FnSUN1NmFTQjBBRRAB,Houda kebaili Photography,TN
ChZDSUhNMG9nS0VJQ0FnSUN1cWFESUpREAE,Katherine Van den Brandt,TN
ChdDSUhNMG9nS0VJQ0FnSUN1OGZlY3BnRRAB,Sabri Benlahoual,TN
ChdDSUhNMG9nS0VJQ0FnSUN1M0thYzdBRRAB,Moustafa Bendimerad P,TN
ChZDSUhNMG9nS0VJQ0FnSUN1eUlMdkl3EAE,fredj Ahmed,TN
ChZDSUhNMG9nS0VJQ0FnSURPci0tYll3EAE,Pietro Coppola,TN
ChZDSUhNMG9nS0VJQ0FnSURPMjZ5emJnEAE,Atlantik Verdun,TN
ChZDSUhNMG9nS0VJQ0FnSURPNUw2eU1BEAE,Youssef Zrirak,TN
ChZDSUhNMG9nS0VJQ0FnSURPa09yTEhREAE,Andrea Degortes,TN
ChZDSUhNMG9nS0VJQ0FnSUNPMzZHSWVnEAE,amir,TN
ChZDSUhNMG9nS0VJQ0FnSUNPeTdHMFNREAE,dennis rapp,TN
ChdDSUhNMG9nS0VJQ0FnSUNPcGJtOXZnRRAB,Kates Kaouech,TN
ChZDSUhNMG9nS0VJQ0FnSUN5MWU2N1N3EAE,Rolf Sturm,TN
ChdDSUhNMG9nS0VJQ0FnSUQycFBpZjhBRRAB,Dr Tahar Haddad,TN
ChdDSUhNMG9nS0VJQ0FnSUMyeUl2YW53RRAB,Łukasz Bińkowski,TN
ChZDSUhNMG9nS0VJQ0FnSUMyd0ttdGFnEAE,chi heb,TN
ChZDSUhNMG9nS0VJQ0FnSURXcGZ5ckZnEAE,Anouar Ben Nacef,TN
ChdDSUhNMG9nS0VJQ0FnSUNXeDR2cDlnRRAB,Taylan Dilek,TN
ChZDSUhNMG9nS0VJQ0FnSURtMGQ3b1FREAE,2022 Obvious1,TN
ChdDSUhNMG9nS0VJQ0FnSURtMW8zaThBRRAB,Vlad Mandyev,TN
ChZDSUhNMG9nS0VJQ0FnSURtbk5PWlF3EAE,Ibrahim Saïdani,TN
ChZDSUhNMG9nS0VJQ0FnSUNtbjcyM1lREAE,luca mario leonardo quaresima,TN
ChZDSUhNMG9nS0VJQ0FnSURHLThxRUZnEAE,Alesandro Dalapria,TN
ChZDSUhNMG9nS0VJQ0FnSURHZ3M3bld3EAE,flo,TN
ChdDSUhNMG9nS0VJQ0FnSURHdEktcmdnRRAB,C SHARP,TN
ChZDSUhNMG9nS0VJQ0FnSUQ2cGJDd1lnEAE,Sebastien Delahaye,TN
ChZDSUhNMG9nS0VJQ0FnSUQ2c2ZMSFJREAE,ALLAYA IMED,TN
ChZDSUhNMG9nS0VJQ0FnSUNLNVpTT0d3EAE,Marco Passero,TN
ChdDSUhNMG9nS0VJQ0FnSUM2dWE2NmxnRRAB,Zarrouk Yazid,TN
ChZDSUhNMG9nS0VJQ0FnSUM2bElUdk9nEAE,Mrad Chems Eddine,TN
ChdDSUhNMG9nS0VJQ0FnSUM2d0stRWhRRRAB,Kacem Lachkar,TN
ChdDSUhNMG9nS0VJQ0FnSURhcW9iMThRRRAB,Dalinda Baraket,TN
ChdDSUhNMG9nS0VJQ0FnSUNhdWRHdGpBRRAB,Philippe Leten,TN
ChdDSUhNMG9nS0VJQ0FnSURxazZtZXl3RRAB,Youssef Lachnani,TN
ChZDSUhNMG9nS0VJQ0FnSURxazh5bUp3EAE,Ghazi Timoumi,TN
ChdDSUhNMG9nS0VJQ0FnSURxa2VmVGhRRRAB,imad Dakakk,TN
ChdDSUhNMG9nS0VJQ0FnSURxb0pHZDRnRRAB,Eric W,TN
ChdDSUhNMG9nS0VJQ0FnSUR5M3FyWmlBRRAB,Salahadden Kalfalla,TN
ChZDSUhNMG9nS0VJQ0FnSUR5OFB6RE5nEAE,Julien COLIN,TN
ChdDSUhNMG9nS0VJQ0FnSUN5em8yNjhBRRAB,Tobias Z,TN
ChZDSUhNMG9nS0VJQ0FnSUN5cXRESlFREAE,Corebuilder Tn,TN
ChZDSUhNMG9nS0VJQ0FnSURTeFlDelBnEAE,Maha Hammami,TN
ChdDSUhNMG9nS0VJQ0FnSUNTeTlmS3FnRRAB,AMOR DAHECH,TN
ChZDSUhNMG9nS0VJQ0FnSURpek9UaFNREAE,Emna Gaied,TN
ChZDSUhNMG9nS0VJQ0FnSURDLUp1UVJnEAE,Pare Brise Laval Inc.,TN
ChZDSUhNMG9nS0VJQ0FnSURDLU5QNVBnEAE,Nada Zrelli,TN
ChZDSUhNMG9nS0VJQ0FnSUNDazZyUmFnEAE,Abdelbaki Lounissi,TN
ChZDSUhNMG9nS0VJQ0FnSUNDOGZMT1ZREAE,Jamila Akermi,TN
ChZDSUhNMG9nS0VJQ0FnSUNDaXEta0dBEAE,Elisa Debreux,TN
ChdDSUhNMG9nS0VJQ0FnSURjOWFPbHdBRRAB,Ayed Mohamed,TN
ChdDSUhNMG9nS0VJQ0FnSURzOGFHM3pRRRAB,Sun Sam,TN
ChZDSUhNMG9nS0VJQ0FnSURzdHVtMkp3EAE,الهاوى برالخيام تونس,TN
ChdDSUhNMG9nS0VJQ0FnSURzaXFyY3RnRRAB,يوسف الهنقاري,TN
ChZDSUhNMG9nS0VJQ0FnSUMwdThDQllnEAE,Adel M.,TN
ChdDSUhNMG9nS0VJQ0FnSURNb2Y3T193RRAB,Didier Szliwka,TN
ChZDSUhNMG9nS0VJQ0FnSURNcHJlOEVBEAE,yosry magdiche,TN
ChZDSUhNMG9nS0VJQ0FnSURNMkxIX0N3EAE,Vedad Hota,TN
ChZDSUhNMG9nS0VJQ0FnSUNNeC1iVGZREAE,ZIED DRIDI,TN
ChZDSUhNMG9nS0VJQ0FnSUNNdTdUR2N3EAE,Haithem Belhaj,TN
ChdDSUhNMG9nS0VJQ0FnSUNNeTc2anlBRRAB,Ben salem Omar,TN
ChZDSUhNMG9nS0VJQ0FnSUNNM2R1aVlnEAE,Moussacoulibaly1 Feinda,TN
ChZDSUhNMG9nS0VJQ0FnSUNNb2FPSWZBEAE,Martin Zacherl,TN
ChZDSUhNMG9nS0VJQ0FnSUQwNmFQU1l3EAE,Mk68,TN
ChdDSUhNMG9nS0VJQ0FnSUQwcHY2Q3Z3RRAB,Denis Perot,TN
ChdDSUhNMG9nS0VJQ0FnSUMwMV9xdXlnRRAB,kadour ammar,TN
ChdDSUhNMG9nS0VJQ0FnSUMwb2VLQXBBRRAB,Nadia,TN
ChdDSUhNMG9nS0VJQ0FnSURVXzRDNzlBRRAB,jaky gideonse,TN
ChdDSUhNMG9nS0VJQ0FnSURVdjZfOXVRRRAB,Igor Kłosowski,TN
ChZDSUhNMG9nS0VJQ0FnSURVbDR5ME5BEAE,Mini manou,TN
ChZDSUhNMG9nS0VJQ0FnSURVaDV5aFhnEAE,Laaribi Hassene,TN
ChdDSUhNMG9nS0VJQ0FnSURVc2V6Xy1RRRAB,Darren Zahra,TN
ChdDSUhNMG9nS0VJQ0FnSURVd1lQb25nRRAB,Nada Babouri,TN
ChdDSUhNMG9nS0VJQ0FnSURVdlBiOGxnRRAB,Anis Hattab,TN
ChdDSUhNMG9nS0VJQ0FnSURVeU0yTi1RRRAB,nordine Ben,TN
ChdDSUhNMG9nS0VJQ0FnSUNVcjl2NjdnRRAB,النائلي الحسنى النائلي,TN
ChZDSUhNMG9nS0VJQ0FnSUNVbC1XNEpREAE,Benny lassou,TN
ChZDSUhNMG9nS0VJQ0FnSUNVcF9tSURnEAE,Malik Elkebir,TN
ChZDSUhNMG9nS0VJQ0FnSUNVNjY3aUFREAE,Saverio Conigliaro,TN
ChdDSUhNMG9nS0VJQ0FnSUNVbzhQNnJRRRAB,Riadh Ben Moussa,TN
ChZDSUhNMG9nS0VJQ0FnSUNVNWE2d2FBEAE,Foued SHILI (FouedS),TN
ChdDSUhNMG9nS0VJQ0FnSUNVMkk3ZjhBRRAB,Gaith Hannachi,TN
ChZDSUhNMG9nS0VJQ0FnSUNVNE83MktREAE,Ali Mfteh,TN
ChZDSUhNMG9nS0VJQ0FnSURrdjZ2clV3EAE,Sailendra Prasad,TN
ChdDSUhNMG9nS0VJQ0FnSURraFlubG5RRRAB,Gosia N,TN
ChZDSUhNMG9nS0VJQ0FnSUNrMmJMQVpREAE,Nader Belahdj,TN
ChZDSUhNMG9nS0VJQ0FnSUNFcWJ5eGZREAE,Herzi Aymen,TN
ChZDSUhNMG9nS0VJQ0FnSUQ0aFBPcEJnEAE,Fabrizio Tasinato,TN
ChdDSUhNMG9nS0VJQ0FnSUM0c2E2LTJ3RRAB,Faical Sta,TN
ChdDSUhNMG9nS0VJQ0FnSUM0MkpQanZnRRAB,Rubii Wayne,TN
ChZDSUhNMG9nS0VJQ0FnSURZbjczTkF3EAE,Dogan Kurter,TN
ChdDSUhNMG9nS0VJQ0FnSURZMU1hbzN3RRAB,الرحال الشهري,TN
ChZDSUhNMG9nS0VJQ0FnSUNZbl95bGVREAE,Ahmed Ll,TN
ChZDSUhNMG9nS0VJQ0FnSUNZMS1YRlBREAE,Achraf Blaou,TN
ChZDSUhNMG9nS0VJQ0FnSUNZalBPRUpBEAE,Ranin LoliQeen,TN
ChZDSUhNMG9nS0VJQ0FnSURvMTlhX1l3EAE,Omar Zouaoui,TN
ChdDSUhNMG9nS0VJQ0FnSURvNDZ1UXFBRRAB,Alfredo Serra,TN
ChZDSUhNMG9nS0VJQ0FnSURvbzdtZVpREAE,Chris Christensen,TN
ChZDSUhNMG9nS0VJQ0FnSURvNHVEelVREAE,Ben Taieb Mohamed Amine,TN
ChdDSUhNMG9nS0VJQ0FnSURveEoyTnRnRRAB,paolo turriziani,TN
ChdDSUhNMG9nS0VJQ0FnSURva0lUVmpBRRAB,Rainer H aus A,TN
ChZDSUhNMG9nS0VJQ0FnSUNvM2VQeWFREAE,Ahmed JEMAI,TN
ChdDSUhNMG9nS0VJQ0FnSUNvOWN1NG5BRRAB,sezai arıkan,TN
ChdDSUhNMG9nS0VJQ0FnSUNvaWJTd2hnRRAB,Hedhly Marouen,TN
ChZDSUhNMG9nS0VJQ0FnSUNvMXJtM0JBEAE,midouxy1,TN
ChZDSUhNMG9nS0VJQ0FnSUNvNXQ3TkFnEAE,FABIO DE ROSA,TN
ChdDSUhNMG9nS0VJQ0FnSUNvb0p6YjhRRRAB,RAMZY MEJRI,TN
ChdDSUhNMG9nS0VJQ0FnSUNvd0pEZ2dnRRAB,Ahmed Garsalli,TN
ChZDSUhNMG9nS0VJQ0FnSURJczV5SkdREAE,khaoula henane,TN
ChdDSUhNMG9nS0VJQ0FnSURJMDlxNGhBRRAB,kais boumaaza,TN
ChdDSUhNMG9nS0VJQ0FnSURJLWZDTm5RRRAB,Zineb,TN
ChZDSUhNMG9nS0VJQ0FnSURJdm83NmRREAE,Meher Hammami,TN
ChZDSUhNMG9nS0VJQ0FnSURJOXZYa2J3EAE,Yassine Limam,TN
ChZDSUhNMG9nS0VJQ0FnSUNJNWUtT2ZnEAE,Raed Ghanja,TN
ChdDSUhNMG9nS0VJQ0FnSUNJbXZyMG1BRRAB,Hassan Almalki,TN
